id_estudiante,nota_promedio,asistencia,var_nota
1.0,91.1,96.5,2.6331223544175306
2.0,65.625,79.3,7.38922827123675
3.0,48.95,65.6,8.554401076508967
4.0,90.175,94.6,2.684963273078015
5.0,92.95,96.7,2.406010991015813
6.0,75.2,83.7,8.877092867475127
7.0,91.5,94.8,2.828427124746187
8.0,90.65,94.0,3.253630450913427
9.0,84.125,89.2,5.004511853206954
10.0,67.1,76.8,7.439758060582347
