id_estudiante,nombre_estudiante,edad,genero,semestre_actual,estado_academico
1,Ana Pérez,16,F,2,activo
2,Carlos Gómez,17,M,2,activo
3,María López,16,F,2,activo
4,Luis Ramírez,15,M,2,activo
5,Sofía Castro,16,F,2,activo
6,Pedro Mendoza,16,M,2,activo
7,Valentina Rojas,17,F,2,activo
8,Andrés Silva,16,M,2,activo